Model,Prompt,Keywords,Type,Emotion,V,A,D,Valence,Arousal,Dominance,Emoji,Full_Prompt,Output
gpt_4,conversation,"morning, cat, wake",Emotion,grateful,,,,,,,,,
gpt_4,conversation,"morning, cat, wake",Emotion,joyful,,,,,,,,,
gpt_4,conversation,"morning, cat, wake",Emotion,content,,,,,,,,,
gpt_4,conversation,"morning, cat, wake",Emotion,surprised,,,,,,,,,
gpt_4,conversation,"morning, cat, wake",Emotion,excited,,,,,,,,,
gpt_4,conversation,"morning, cat, wake",Emotion,impressed,,,,,,,,,
gpt_4,conversation,"morning, cat, wake",Emotion,proud,,,,,,,,,
gpt_4,conversation,"morning, cat, wake",Emotion,anxious,,,,,,,,,
gpt_4,conversation,"morning, cat, wake",Emotion,afraid,,,,,,,,,
gpt_4,conversation,"morning, cat, wake",Emotion,terrified,,,,,,,,,
gpt_4,conversation,"morning, cat, wake",Emotion,annoyed,,,,,,,,,
gpt_4,conversation,"morning, cat, wake",Emotion,angry,,,,,,,,,
gpt_4,conversation,"morning, cat, wake",Emotion,furious,,,,,,,,,
gpt_4,conversation,"morning, cat, wake",Emotion,sad,,,,,,,,,
gpt_4,conversation,"morning, cat, wake",Emotion,devastated,,,,,,,,,
gpt_4,conversation,"morning, cat, wake",Emotion,ashamed,,,,,,,,,
gpt_4,conversation,"morning, cat, wake",Emotion,embarrassed,,,,,,,,,
gpt_4,conversation,"morning, cat, wake",Emotion,guilty,,,,,,,,,
gpt_4,conversation,"morning, cat, wake",VAD,grateful,,,,Very High Valence,Moderate Arousal,Low Dominance,,,
gpt_4,conversation,"morning, cat, wake",VAD,joyful,,,,Very High Valence,High Arousal,High Dominance,,,
gpt_4,conversation,"morning, cat, wake",VAD,content,,,,Very High Valence,High Arousal,Very High Dominance,,,
gpt_4,conversation,"morning, cat, wake",VAD,surprised,,,,High Valence,Very High Arousal,Moderate Dominance,,,
gpt_4,conversation,"morning, cat, wake",VAD,excited,,,,Very High Valence,Very High Arousal,High Dominance,,,
gpt_4,conversation,"morning, cat, wake",VAD,impressed,,,,High Valence,High Arousal,Low Dominance,,,
gpt_4,conversation,"morning, cat, wake",VAD,proud,,,,Very High Valence,High Arousal,Very High Dominance,,,
gpt_4,conversation,"morning, cat, wake",VAD,anxious,,,,Moderate Valence,High Arousal,Moderate Dominance,,,
gpt_4,conversation,"morning, cat, wake",VAD,afraid,,,,Very Low Valence,Very High Arousal,Low Dominance,,,
gpt_4,conversation,"morning, cat, wake",VAD,terrified,,,,Very Low Valence,Very High Arousal,Low Dominance,,,
gpt_4,conversation,"morning, cat, wake",VAD,annoyed,,,,Low Valence,Moderate Arousal,Moderate Dominance,,,
gpt_4,conversation,"morning, cat, wake",VAD,angry,,,,Low Valence,High Arousal,High Dominance,,,
gpt_4,conversation,"morning, cat, wake",VAD,furious,,,,Low Valence,Very High Arousal,High Dominance,,,
gpt_4,conversation,"morning, cat, wake",VAD,sad,,,,Very Low Valence,Low Arousal,Low Dominance,,,
gpt_4,conversation,"morning, cat, wake",VAD,devastated,,,,Moderate Valence,High Arousal,Low Dominance,,,
gpt_4,conversation,"morning, cat, wake",VAD,ashamed,,,,Low Valence,Mid Arousal,Low Dominance,,,
gpt_4,conversation,"morning, cat, wake",VAD,embarrassed,,,,Low Valence,High Arousal,Low Dominance,,,
gpt_4,conversation,"morning, cat, wake",VAD,guilty,,,,Low Valence,High Arousal,Low Dominance,,,
gpt_4,conversation,"morning, cat, wake",VAD_Numeric,grateful,2,0,-2,,,,,,
gpt_4,conversation,"morning, cat, wake",VAD_Numeric,joyful,4,1,1,,,,,,
gpt_4,conversation,"morning, cat, wake",VAD_Numeric,content,4,0,4,,,,,,
gpt_4,conversation,"morning, cat, wake",VAD_Numeric,surprised,1,2,-2,,,,,,
gpt_4,conversation,"morning, cat, wake",VAD_Numeric,excited,2,4,1,,,,,,
gpt_4,conversation,"morning, cat, wake",VAD_Numeric,impressed,1,1,-4,,,,,,
gpt_4,conversation,"morning, cat, wake",VAD_Numeric,proud,4,1,2,,,,,,
gpt_4,conversation,"morning, cat, wake",VAD_Numeric,anxious,-1,2,-2,,,,,,
gpt_4,conversation,"morning, cat, wake",VAD_Numeric,afraid,-5,2,-4,,,,,,
gpt_4,conversation,"morning, cat, wake",VAD_Numeric,terrified,-5,4,-4,,,,,,
gpt_4,conversation,"morning, cat, wake",VAD_Numeric,annoyed,-2,0,-1,,,,,,
gpt_4,conversation,"morning, cat, wake",VAD_Numeric,angry,-5,2,0,,,,,,
gpt_4,conversation,"morning, cat, wake",VAD_Numeric,furious,-4,4,1,,,,,,
gpt_4,conversation,"morning, cat, wake",VAD_Numeric,sad,-4,-2,-4,,,,,,
gpt_4,conversation,"morning, cat, wake",VAD_Numeric,devastated,-5,1,-2,,,,,,
gpt_4,conversation,"morning, cat, wake",VAD_Numeric,ashamed,-3,-1,-4,,,,,,
gpt_4,conversation,"morning, cat, wake",VAD_Numeric,embarrassed,-4,2,-2,,,,,,
gpt_4,conversation,"morning, cat, wake",VAD_Numeric,guilty,-4,0,-4,,,,,,
gpt_4,conversation,"morning, cat, wake",Emojis,grateful,,,,,,,游땕,,
gpt_4,conversation,"morning, cat, wake",Emojis,joyful,,,,,,,游때,,
gpt_4,conversation,"morning, cat, wake",Emojis,content,,,,,,,游땗,,
gpt_4,conversation,"morning, cat, wake",Emojis,surprised,,,,,,,游땶,,
gpt_4,conversation,"morning, cat, wake",Emojis,excited,,,,,,,游땎,,
gpt_4,conversation,"morning, cat, wake",Emojis,impressed,,,,,,,游뗵,,
gpt_4,conversation,"morning, cat, wake",Emojis,proud,,,,,,,游뱔,,
gpt_4,conversation,"morning, cat, wake",Emojis,anxious,,,,,,,游땎,,
gpt_4,conversation,"morning, cat, wake",Emojis,afraid,,,,,,,游땯,,
gpt_4,conversation,"morning, cat, wake",Emojis,terrified,,,,,,,游땸,,
gpt_4,conversation,"morning, cat, wake",Emojis,annoyed,,,,,,,游,,
gpt_4,conversation,"morning, cat, wake",Emojis,angry,,,,,,,游땨,,
gpt_4,conversation,"morning, cat, wake",Emojis,furious,,,,,,,游뱗,,
gpt_4,conversation,"morning, cat, wake",Emojis,sad,,,,,,,游뗴,,
gpt_4,conversation,"morning, cat, wake",Emojis,devastated,,,,,,,游땴,,
gpt_4,conversation,"morning, cat, wake",Emojis,ashamed,,,,,,,游땹,,
gpt_4,conversation,"morning, cat, wake",Emojis,embarrassed,,,,,,,游땬,,
gpt_4,conversation,"morning, cat, wake",Emojis,guilty,,,,,,,游땳,,
gpt_4,conversation,"great, place, korean",Emotion,grateful,,,,,,,,,
gpt_4,conversation,"great, place, korean",Emotion,joyful,,,,,,,,,
gpt_4,conversation,"great, place, korean",Emotion,content,,,,,,,,,
gpt_4,conversation,"great, place, korean",Emotion,surprised,,,,,,,,,
gpt_4,conversation,"great, place, korean",Emotion,excited,,,,,,,,,
gpt_4,conversation,"great, place, korean",Emotion,impressed,,,,,,,,,
gpt_4,conversation,"great, place, korean",Emotion,proud,,,,,,,,,
gpt_4,conversation,"great, place, korean",Emotion,anxious,,,,,,,,,
gpt_4,conversation,"great, place, korean",Emotion,afraid,,,,,,,,,
gpt_4,conversation,"great, place, korean",Emotion,terrified,,,,,,,,,
gpt_4,conversation,"great, place, korean",Emotion,annoyed,,,,,,,,,
gpt_4,conversation,"great, place, korean",Emotion,angry,,,,,,,,,
gpt_4,conversation,"great, place, korean",Emotion,furious,,,,,,,,,
gpt_4,conversation,"great, place, korean",Emotion,sad,,,,,,,,,
gpt_4,conversation,"great, place, korean",Emotion,devastated,,,,,,,,,
gpt_4,conversation,"great, place, korean",Emotion,ashamed,,,,,,,,,
gpt_4,conversation,"great, place, korean",Emotion,embarrassed,,,,,,,,,
gpt_4,conversation,"great, place, korean",Emotion,guilty,,,,,,,,,
gpt_4,conversation,"great, place, korean",VAD,grateful,,,,Very High Valence,Moderate Arousal,Low Dominance,,,
gpt_4,conversation,"great, place, korean",VAD,joyful,,,,Very High Valence,High Arousal,High Dominance,,,
gpt_4,conversation,"great, place, korean",VAD,content,,,,Very High Valence,High Arousal,Very High Dominance,,,
gpt_4,conversation,"great, place, korean",VAD,surprised,,,,High Valence,Very High Arousal,Moderate Dominance,,,
gpt_4,conversation,"great, place, korean",VAD,excited,,,,Very High Valence,Very High Arousal,High Dominance,,,
gpt_4,conversation,"great, place, korean",VAD,impressed,,,,High Valence,High Arousal,Low Dominance,,,
gpt_4,conversation,"great, place, korean",VAD,proud,,,,Very High Valence,High Arousal,Very High Dominance,,,
gpt_4,conversation,"great, place, korean",VAD,anxious,,,,Moderate Valence,High Arousal,Moderate Dominance,,,
gpt_4,conversation,"great, place, korean",VAD,afraid,,,,Very Low Valence,Very High Arousal,Low Dominance,,,
gpt_4,conversation,"great, place, korean",VAD,terrified,,,,Very Low Valence,Very High Arousal,Low Dominance,,,
gpt_4,conversation,"great, place, korean",VAD,annoyed,,,,Low Valence,Moderate Arousal,Moderate Dominance,,,
gpt_4,conversation,"great, place, korean",VAD,angry,,,,Low Valence,High Arousal,High Dominance,,,
gpt_4,conversation,"great, place, korean",VAD,furious,,,,Low Valence,Very High Arousal,High Dominance,,,
gpt_4,conversation,"great, place, korean",VAD,sad,,,,Very Low Valence,Low Arousal,Low Dominance,,,
gpt_4,conversation,"great, place, korean",VAD,devastated,,,,Moderate Valence,High Arousal,Low Dominance,,,
gpt_4,conversation,"great, place, korean",VAD,ashamed,,,,Low Valence,Mid Arousal,Low Dominance,,,
gpt_4,conversation,"great, place, korean",VAD,embarrassed,,,,Low Valence,High Arousal,Low Dominance,,,
gpt_4,conversation,"great, place, korean",VAD,guilty,,,,Low Valence,High Arousal,Low Dominance,,,
gpt_4,conversation,"great, place, korean",VAD_Numeric,grateful,2,0,-2,,,,,,
gpt_4,conversation,"great, place, korean",VAD_Numeric,joyful,4,1,1,,,,,,
gpt_4,conversation,"great, place, korean",VAD_Numeric,content,4,0,2,,,,,,
gpt_4,conversation,"great, place, korean",VAD_Numeric,surprised,1,2,-2,,,,,,
gpt_4,conversation,"great, place, korean",VAD_Numeric,excited,2,4,1,,,,,,
gpt_4,conversation,"great, place, korean",VAD_Numeric,impressed,1,1,-4,,,,,,
gpt_4,conversation,"great, place, korean",VAD_Numeric,proud,4,1,2,,,,,,
gpt_4,conversation,"great, place, korean",VAD_Numeric,anxious,-1,2,-2,,,,,,
gpt_4,conversation,"great, place, korean",VAD_Numeric,afraid,-5,2,-4,,,,,,
gpt_4,conversation,"great, place, korean",VAD_Numeric,terrified,-5,4,-4,,,,,,
gpt_4,conversation,"great, place, korean",VAD_Numeric,annoyed,-2,0,-1,,,,,,
gpt_4,conversation,"great, place, korean",VAD_Numeric,angry,-5,2,0,,,,,,
gpt_4,conversation,"great, place, korean",VAD_Numeric,furious,-4,4,1,,,,,,
gpt_4,conversation,"great, place, korean",VAD_Numeric,sad,-4,-2,-4,,,,,,
gpt_4,conversation,"great, place, korean",VAD_Numeric,devastated,-5,1,-2,,,,,,
gpt_4,conversation,"great, place, korean",VAD_Numeric,ashamed,-3,-1,-4,,,,,,
gpt_4,conversation,"great, place, korean",VAD_Numeric,embarrassed,-4,2,-2,,,,,,
gpt_4,conversation,"great, place, korean",VAD_Numeric,guilty,-4,0,-4,,,,,,
gpt_4,conversation,"great, place, korean",Emojis,grateful,,,,,,,游땕,,
gpt_4,conversation,"great, place, korean",Emojis,joyful,,,,,,,游때,,
gpt_4,conversation,"great, place, korean",Emojis,content,,,,,,,游땗,,
gpt_4,conversation,"great, place, korean",Emojis,surprised,,,,,,,游땶,,
gpt_4,conversation,"great, place, korean",Emojis,excited,,,,,,,游땎,,
gpt_4,conversation,"great, place, korean",Emojis,impressed,,,,,,,游뗵,,
gpt_4,conversation,"great, place, korean",Emojis,proud,,,,,,,游뱔,,
gpt_4,conversation,"great, place, korean",Emojis,anxious,,,,,,,游땎,,
gpt_4,conversation,"great, place, korean",Emojis,afraid,,,,,,,游땯,,
gpt_4,conversation,"great, place, korean",Emojis,terrified,,,,,,,游땸,,
gpt_4,conversation,"great, place, korean",Emojis,annoyed,,,,,,,游,,
gpt_4,conversation,"great, place, korean",Emojis,angry,,,,,,,游땨,,
gpt_4,conversation,"great, place, korean",Emojis,furious,,,,,,,游뱗,,
gpt_4,conversation,"great, place, korean",Emojis,sad,,,,,,,游뗴,,
gpt_4,conversation,"great, place, korean",Emojis,devastated,,,,,,,游땴,,
gpt_4,conversation,"great, place, korean",Emojis,ashamed,,,,,,,游땹,,
gpt_4,conversation,"great, place, korean",Emojis,embarrassed,,,,,,,游땬,,
gpt_4,conversation,"great, place, korean",Emojis,guilty,,,,,,,游땳,,
gpt_4,conversation,"friends, movie, yesterday",Emotion,grateful,,,,,,,,,
gpt_4,conversation,"friends, movie, yesterday",Emotion,joyful,,,,,,,,,
gpt_4,conversation,"friends, movie, yesterday",Emotion,content,,,,,,,,,
gpt_4,conversation,"friends, movie, yesterday",Emotion,surprised,,,,,,,,,
gpt_4,conversation,"friends, movie, yesterday",Emotion,excited,,,,,,,,,
gpt_4,conversation,"friends, movie, yesterday",Emotion,impressed,,,,,,,,,
gpt_4,conversation,"friends, movie, yesterday",Emotion,proud,,,,,,,,,
gpt_4,conversation,"friends, movie, yesterday",Emotion,anxious,,,,,,,,,
gpt_4,conversation,"friends, movie, yesterday",Emotion,afraid,,,,,,,,,
gpt_4,conversation,"friends, movie, yesterday",Emotion,terrified,,,,,,,,,
gpt_4,conversation,"friends, movie, yesterday",Emotion,annoyed,,,,,,,,,
gpt_4,conversation,"friends, movie, yesterday",Emotion,angry,,,,,,,,,
gpt_4,conversation,"friends, movie, yesterday",Emotion,furious,,,,,,,,,
gpt_4,conversation,"friends, movie, yesterday",Emotion,sad,,,,,,,,,
gpt_4,conversation,"friends, movie, yesterday",Emotion,devastated,,,,,,,,,
gpt_4,conversation,"friends, movie, yesterday",Emotion,ashamed,,,,,,,,,
gpt_4,conversation,"friends, movie, yesterday",Emotion,embarrassed,,,,,,,,,
gpt_4,conversation,"friends, movie, yesterday",Emotion,guilty,,,,,,,,,
gpt_4,conversation,"friends, movie, yesterday",VAD,grateful,,,,Very High Valence,Moderate Arousal,Low Dominance,,,
gpt_4,conversation,"friends, movie, yesterday",VAD,joyful,,,,Very High Valence,High Arousal,High Dominance,,,
gpt_4,conversation,"friends, movie, yesterday",VAD,content,,,,Very High Valence,High Arousal,Very High Dominance,,,
gpt_4,conversation,"friends, movie, yesterday",VAD,surprised,,,,High Valence,Very High Arousal,Moderate Dominance,,,
gpt_4,conversation,"friends, movie, yesterday",VAD,excited,,,,Very High Valence,Very High Arousal,High Dominance,,,
gpt_4,conversation,"friends, movie, yesterday",VAD,impressed,,,,High Valence,High Arousal,Low Dominance,,,
gpt_4,conversation,"friends, movie, yesterday",VAD,proud,,,,Very High Valence,High Arousal,Very High Dominance,,,
gpt_4,conversation,"friends, movie, yesterday",VAD,anxious,,,,Moderate Valence,High Arousal,Moderate Dominance,,,
gpt_4,conversation,"friends, movie, yesterday",VAD,afraid,,,,Very Low Valence,Very High Arousal,Low Dominance,,,
gpt_4,conversation,"friends, movie, yesterday",VAD,terrified,,,,Very Low Valence,Very High Arousal,Low Dominance,,,
gpt_4,conversation,"friends, movie, yesterday",VAD,annoyed,,,,Low Valence,Moderate Arousal,Moderate Dominance,,,
gpt_4,conversation,"friends, movie, yesterday",VAD,angry,,,,Low Valence,High Arousal,High Dominance,,,
gpt_4,conversation,"friends, movie, yesterday",VAD,furious,,,,Low Valence,Very High Arousal,High Dominance,,,
gpt_4,conversation,"friends, movie, yesterday",VAD,sad,,,,Very Low Valence,Low Arousal,Low Dominance,,,
gpt_4,conversation,"friends, movie, yesterday",VAD,devastated,,,,Moderate Valence,High Arousal,Low Dominance,,,
gpt_4,conversation,"friends, movie, yesterday",VAD,ashamed,,,,Low Valence,Mid Arousal,Low Dominance,,,
gpt_4,conversation,"friends, movie, yesterday",VAD,embarrassed,,,,Low Valence,High Arousal,Low Dominance,,,
gpt_4,conversation,"friends, movie, yesterday",VAD,guilty,,,,Low Valence,High Arousal,Low Dominance,,,
gpt_4,conversation,"friends, movie, yesterday",VAD_Numeric,grateful,2,0,-2,,,,,,
gpt_4,conversation,"friends, movie, yesterday",VAD_Numeric,joyful,4,1,1,,,,,,
gpt_4,conversation,"friends, movie, yesterday",VAD_Numeric,content,4,0,2,,,,,,
gpt_4,conversation,"friends, movie, yesterday",VAD_Numeric,surprised,1,2,-2,,,,,,
gpt_4,conversation,"friends, movie, yesterday",VAD_Numeric,excited,2,4,1,,,,,,
gpt_4,conversation,"friends, movie, yesterday",VAD_Numeric,impressed,1,1,-4,,,,,,
gpt_4,conversation,"friends, movie, yesterday",VAD_Numeric,proud,4,1,2,,,,,,
gpt_4,conversation,"friends, movie, yesterday",VAD_Numeric,anxious,-1,2,-2,,,,,,
gpt_4,conversation,"friends, movie, yesterday",VAD_Numeric,afraid,-5,2,-4,,,,,,
gpt_4,conversation,"friends, movie, yesterday",VAD_Numeric,terrified,-5,4,-4,,,,,,
gpt_4,conversation,"friends, movie, yesterday",VAD_Numeric,annoyed,-2,0,-1,,,,,,
gpt_4,conversation,"friends, movie, yesterday",VAD_Numeric,angry,-5,2,0,,,,,,
gpt_4,conversation,"friends, movie, yesterday",VAD_Numeric,furious,-4,4,1,,,,,,
gpt_4,conversation,"friends, movie, yesterday",VAD_Numeric,sad,-4,-2,-4,,,,,,
gpt_4,conversation,"friends, movie, yesterday",VAD_Numeric,devastated,-5,1,-2,,,,,,
gpt_4,conversation,"friends, movie, yesterday",VAD_Numeric,ashamed,-3,-1,-4,,,,,,
gpt_4,conversation,"friends, movie, yesterday",VAD_Numeric,embarrassed,-4,2,-2,,,,,,
gpt_4,conversation,"friends, movie, yesterday",VAD_Numeric,guilty,-4,0,-4,,,,,,
gpt_4,conversation,"friends, movie, yesterday",Emojis,grateful,,,,,,,游땕,,
gpt_4,conversation,"friends, movie, yesterday",Emojis,joyful,,,,,,,游때,,
gpt_4,conversation,"friends, movie, yesterday",Emojis,content,,,,,,,游땗,,
gpt_4,conversation,"friends, movie, yesterday",Emojis,surprised,,,,,,,游땶,,
gpt_4,conversation,"friends, movie, yesterday",Emojis,excited,,,,,,,游땎,,
gpt_4,conversation,"friends, movie, yesterday",Emojis,impressed,,,,,,,游뗵,,
gpt_4,conversation,"friends, movie, yesterday",Emojis,proud,,,,,,,游뱔,,
gpt_4,conversation,"friends, movie, yesterday",Emojis,anxious,,,,,,,游땎,,
gpt_4,conversation,"friends, movie, yesterday",Emojis,afraid,,,,,,,游땯,,
gpt_4,conversation,"friends, movie, yesterday",Emojis,terrified,,,,,,,游땸,,
gpt_4,conversation,"friends, movie, yesterday",Emojis,annoyed,,,,,,,游,,
gpt_4,conversation,"friends, movie, yesterday",Emojis,angry,,,,,,,游땨,,
gpt_4,conversation,"friends, movie, yesterday",Emojis,furious,,,,,,,游뱗,,
gpt_4,conversation,"friends, movie, yesterday",Emojis,sad,,,,,,,游뗴,,
gpt_4,conversation,"friends, movie, yesterday",Emojis,devastated,,,,,,,游땴,,
gpt_4,conversation,"friends, movie, yesterday",Emojis,ashamed,,,,,,,游땹,,
gpt_4,conversation,"friends, movie, yesterday",Emojis,embarrassed,,,,,,,游땬,,
gpt_4,conversation,"friends, movie, yesterday",Emojis,guilty,,,,,,,游땳,,
gpt_4,conversation,"Italy, therapist, partner",Emotion,grateful,,,,,,,,,
gpt_4,conversation,"Italy, therapist, partner",Emotion,joyful,,,,,,,,,
gpt_4,conversation,"Italy, therapist, partner",Emotion,content,,,,,,,,,
gpt_4,conversation,"Italy, therapist, partner",Emotion,surprised,,,,,,,,,
gpt_4,conversation,"Italy, therapist, partner",Emotion,excited,,,,,,,,,
gpt_4,conversation,"Italy, therapist, partner",Emotion,impressed,,,,,,,,,
gpt_4,conversation,"Italy, therapist, partner",Emotion,proud,,,,,,,,,
gpt_4,conversation,"Italy, therapist, partner",Emotion,anxious,,,,,,,,,
gpt_4,conversation,"Italy, therapist, partner",Emotion,afraid,,,,,,,,,
gpt_4,conversation,"Italy, therapist, partner",Emotion,terrified,,,,,,,,,
gpt_4,conversation,"Italy, therapist, partner",Emotion,annoyed,,,,,,,,,
gpt_4,conversation,"Italy, therapist, partner",Emotion,angry,,,,,,,,,
gpt_4,conversation,"Italy, therapist, partner",Emotion,furious,,,,,,,,,
gpt_4,conversation,"Italy, therapist, partner",Emotion,sad,,,,,,,,,
gpt_4,conversation,"Italy, therapist, partner",Emotion,devastated,,,,,,,,,
gpt_4,conversation,"Italy, therapist, partner",Emotion,ashamed,,,,,,,,,
gpt_4,conversation,"Italy, therapist, partner",Emotion,embarrassed,,,,,,,,,
gpt_4,conversation,"Italy, therapist, partner",Emotion,guilty,,,,,,,,,
gpt_4,conversation,"Italy, therapist, partner",VAD,grateful,,,,Very High Valence,Moderate Arousal,Low Dominance,,,
gpt_4,conversation,"Italy, therapist, partner",VAD,joyful,,,,Very High Valence,High Arousal,High Dominance,,,
gpt_4,conversation,"Italy, therapist, partner",VAD,content,,,,Very High Valence,High Arousal,Very High Dominance,,,
gpt_4,conversation,"Italy, therapist, partner",VAD,surprised,,,,High Valence,Very High Arousal,Moderate Dominance,,,
gpt_4,conversation,"Italy, therapist, partner",VAD,excited,,,,Very High Valence,Very High Arousal,High Dominance,,,
gpt_4,conversation,"Italy, therapist, partner",VAD,impressed,,,,High Valence,High Arousal,Low Dominance,,,
gpt_4,conversation,"Italy, therapist, partner",VAD,proud,,,,Very High Valence,High Arousal,Very High Dominance,,,
gpt_4,conversation,"Italy, therapist, partner",VAD,anxious,,,,Moderate Valence,High Arousal,Moderate Dominance,,,
gpt_4,conversation,"Italy, therapist, partner",VAD,afraid,,,,Very Low Valence,Very High Arousal,Low Dominance,,,
gpt_4,conversation,"Italy, therapist, partner",VAD,terrified,,,,Very Low Valence,Very High Arousal,Low Dominance,,,
gpt_4,conversation,"Italy, therapist, partner",VAD,annoyed,,,,Low Valence,Moderate Arousal,Moderate Dominance,,,
gpt_4,conversation,"Italy, therapist, partner",VAD,angry,,,,Low Valence,High Arousal,High Dominance,,,
gpt_4,conversation,"Italy, therapist, partner",VAD,furious,,,,Low Valence,Very High Arousal,High Dominance,,,
gpt_4,conversation,"Italy, therapist, partner",VAD,sad,,,,Very Low Valence,Low Arousal,Low Dominance,,,
gpt_4,conversation,"Italy, therapist, partner",VAD,devastated,,,,Moderate Valence,High Arousal,Low Dominance,,,
gpt_4,conversation,"Italy, therapist, partner",VAD,ashamed,,,,Low Valence,Mid Arousal,Low Dominance,,,
gpt_4,conversation,"Italy, therapist, partner",VAD,embarrassed,,,,Low Valence,High Arousal,Low Dominance,,,
gpt_4,conversation,"Italy, therapist, partner",VAD,guilty,,,,Low Valence,High Arousal,Low Dominance,,,
gpt_4,conversation,"Italy, therapist, partner",VAD_Numeric,grateful,2,0,-2,,,,,,
gpt_4,conversation,"Italy, therapist, partner",VAD_Numeric,joyful,4,1,1,,,,,,
gpt_4,conversation,"Italy, therapist, partner",VAD_Numeric,content,4,0,2,,,,,,
gpt_4,conversation,"Italy, therapist, partner",VAD_Numeric,surprised,1,2,-2,,,,,,
gpt_4,conversation,"Italy, therapist, partner",VAD_Numeric,excited,2,4,1,,,,,,
gpt_4,conversation,"Italy, therapist, partner",VAD_Numeric,impressed,1,1,-4,,,,,,
gpt_4,conversation,"Italy, therapist, partner",VAD_Numeric,proud,4,1,2,,,,,,
gpt_4,conversation,"Italy, therapist, partner",VAD_Numeric,anxious,-1,2,-2,,,,,,
gpt_4,conversation,"Italy, therapist, partner",VAD_Numeric,afraid,-5,2,-4,,,,,,
gpt_4,conversation,"Italy, therapist, partner",VAD_Numeric,terrified,-5,4,-4,,,,,,
gpt_4,conversation,"Italy, therapist, partner",VAD_Numeric,annoyed,-2,0,-1,,,,,,
gpt_4,conversation,"Italy, therapist, partner",VAD_Numeric,angry,-5,2,0,,,,,,
gpt_4,conversation,"Italy, therapist, partner",VAD_Numeric,furious,-4,4,1,,,,,,
gpt_4,conversation,"Italy, therapist, partner",VAD_Numeric,sad,-4,-2,-4,,,,,,
gpt_4,conversation,"Italy, therapist, partner",VAD_Numeric,devastated,-5,1,-2,,,,,,
gpt_4,conversation,"Italy, therapist, partner",VAD_Numeric,ashamed,-3,-1,-4,,,,,,
gpt_4,conversation,"Italy, therapist, partner",VAD_Numeric,embarrassed,-4,2,-2,,,,,,
gpt_4,conversation,"Italy, therapist, partner",VAD_Numeric,guilty,-4,0,-4,,,,,,
gpt_4,conversation,"Italy, therapist, partner",Emojis,grateful,,,,,,,游땕,,
gpt_4,conversation,"Italy, therapist, partner",Emojis,joyful,,,,,,,游때,,
gpt_4,conversation,"Italy, therapist, partner",Emojis,content,,,,,,,游땗,,
gpt_4,conversation,"Italy, therapist, partner",Emojis,surprised,,,,,,,游땶,,
gpt_4,conversation,"Italy, therapist, partner",Emojis,excited,,,,,,,游땎,,
gpt_4,conversation,"Italy, therapist, partner",Emojis,impressed,,,,,,,游뗵,,
gpt_4,conversation,"Italy, therapist, partner",Emojis,proud,,,,,,,游뱔,,
gpt_4,conversation,"Italy, therapist, partner",Emojis,anxious,,,,,,,游땎,,
gpt_4,conversation,"Italy, therapist, partner",Emojis,afraid,,,,,,,游땯,,
gpt_4,conversation,"Italy, therapist, partner",Emojis,terrified,,,,,,,游땸,,
gpt_4,conversation,"Italy, therapist, partner",Emojis,annoyed,,,,,,,游,,
gpt_4,conversation,"Italy, therapist, partner",Emojis,angry,,,,,,,游땨,,
gpt_4,conversation,"Italy, therapist, partner",Emojis,furious,,,,,,,游뱗,,
gpt_4,conversation,"Italy, therapist, partner",Emojis,sad,,,,,,,游뗴,,
gpt_4,conversation,"Italy, therapist, partner",Emojis,devastated,,,,,,,游땴,,
gpt_4,conversation,"Italy, therapist, partner",Emojis,ashamed,,,,,,,游땹,,
gpt_4,conversation,"Italy, therapist, partner",Emojis,embarrassed,,,,,,,游땬,,
gpt_4,conversation,"Italy, therapist, partner",Emojis,guilty,,,,,,,游땳,,
gpt_4,conversation,"finals, semester, math",Emotion,grateful,,,,,,,,,
gpt_4,conversation,"finals, semester, math",Emotion,joyful,,,,,,,,,
gpt_4,conversation,"finals, semester, math",Emotion,content,,,,,,,,,
gpt_4,conversation,"finals, semester, math",Emotion,surprised,,,,,,,,,
gpt_4,conversation,"finals, semester, math",Emotion,excited,,,,,,,,,
gpt_4,conversation,"finals, semester, math",Emotion,impressed,,,,,,,,,
gpt_4,conversation,"finals, semester, math",Emotion,proud,,,,,,,,,
gpt_4,conversation,"finals, semester, math",Emotion,anxious,,,,,,,,,
gpt_4,conversation,"finals, semester, math",Emotion,afraid,,,,,,,,,
gpt_4,conversation,"finals, semester, math",Emotion,terrified,,,,,,,,,
gpt_4,conversation,"finals, semester, math",Emotion,annoyed,,,,,,,,,
gpt_4,conversation,"finals, semester, math",Emotion,angry,,,,,,,,,
gpt_4,conversation,"finals, semester, math",Emotion,furious,,,,,,,,,
gpt_4,conversation,"finals, semester, math",Emotion,sad,,,,,,,,,
gpt_4,conversation,"finals, semester, math",Emotion,devastated,,,,,,,,,
gpt_4,conversation,"finals, semester, math",Emotion,ashamed,,,,,,,,,
gpt_4,conversation,"finals, semester, math",Emotion,embarrassed,,,,,,,,,
gpt_4,conversation,"finals, semester, math",Emotion,guilty,,,,,,,,,
gpt_4,conversation,"finals, semester, math",VAD,grateful,,,,Very High Valence,Moderate Arousal,Low Dominance,,,
gpt_4,conversation,"finals, semester, math",VAD,joyful,,,,Very High Valence,High Arousal,High Dominance,,,
gpt_4,conversation,"finals, semester, math",VAD,content,,,,Very High Valence,High Arousal,Very High Dominance,,,
gpt_4,conversation,"finals, semester, math",VAD,surprised,,,,High Valence,Very High Arousal,Moderate Dominance,,,
gpt_4,conversation,"finals, semester, math",VAD,excited,,,,Very High Valence,Very High Arousal,High Dominance,,,
gpt_4,conversation,"finals, semester, math",VAD,impressed,,,,High Valence,High Arousal,Low Dominance,,,
gpt_4,conversation,"finals, semester, math",VAD,proud,,,,Very High Valence,High Arousal,Very High Dominance,,,
gpt_4,conversation,"finals, semester, math",VAD,anxious,,,,Moderate Valence,High Arousal,Moderate Dominance,,,
gpt_4,conversation,"finals, semester, math",VAD,afraid,,,,Very Low Valence,Very High Arousal,Low Dominance,,,
gpt_4,conversation,"finals, semester, math",VAD,terrified,,,,Very Low Valence,Very High Arousal,Low Dominance,,,
gpt_4,conversation,"finals, semester, math",VAD,annoyed,,,,Low Valence,Moderate Arousal,Moderate Dominance,,,
gpt_4,conversation,"finals, semester, math",VAD,angry,,,,Low Valence,High Arousal,High Dominance,,,
gpt_4,conversation,"finals, semester, math",VAD,furious,,,,Low Valence,Very High Arousal,High Dominance,,,
gpt_4,conversation,"finals, semester, math",VAD,sad,,,,Very Low Valence,Low Arousal,Low Dominance,,,
gpt_4,conversation,"finals, semester, math",VAD,devastated,,,,Moderate Valence,High Arousal,Low Dominance,,,
gpt_4,conversation,"finals, semester, math",VAD,ashamed,,,,Low Valence,Mid Arousal,Low Dominance,,,
gpt_4,conversation,"finals, semester, math",VAD,embarrassed,,,,Low Valence,High Arousal,Low Dominance,,,
gpt_4,conversation,"finals, semester, math",VAD,guilty,,,,Low Valence,High Arousal,Low Dominance,,,
gpt_4,conversation,"finals, semester, math",VAD_Numeric,grateful,2,0,-2,,,,,,
gpt_4,conversation,"finals, semester, math",VAD_Numeric,joyful,4,1,1,,,,,,
gpt_4,conversation,"finals, semester, math",VAD_Numeric,content,4,0,2,,,,,,
gpt_4,conversation,"finals, semester, math",VAD_Numeric,surprised,1,2,-2,,,,,,
gpt_4,conversation,"finals, semester, math",VAD_Numeric,excited,2,4,1,,,,,,
gpt_4,conversation,"finals, semester, math",VAD_Numeric,impressed,1,1,-4,,,,,,
gpt_4,conversation,"finals, semester, math",VAD_Numeric,proud,4,1,2,,,,,,
gpt_4,conversation,"finals, semester, math",VAD_Numeric,anxious,-1,2,-2,,,,,,
gpt_4,conversation,"finals, semester, math",VAD_Numeric,afraid,-5,2,-4,,,,,,
gpt_4,conversation,"finals, semester, math",VAD_Numeric,terrified,-5,4,-4,,,,,,
gpt_4,conversation,"finals, semester, math",VAD_Numeric,annoyed,-2,0,-1,,,,,,
gpt_4,conversation,"finals, semester, math",VAD_Numeric,angry,-5,2,0,,,,,,
gpt_4,conversation,"finals, semester, math",VAD_Numeric,furious,-4,4,1,,,,,,
gpt_4,conversation,"finals, semester, math",VAD_Numeric,sad,-4,-2,-4,,,,,,
gpt_4,conversation,"finals, semester, math",VAD_Numeric,devastated,-5,1,-2,,,,,,
gpt_4,conversation,"finals, semester, math",VAD_Numeric,ashamed,-3,-1,-4,,,,,,
gpt_4,conversation,"finals, semester, math",VAD_Numeric,embarrassed,-4,2,-2,,,,,,
gpt_4,conversation,"finals, semester, math",VAD_Numeric,guilty,-4,0,-4,,,,,,
gpt_4,conversation,"finals, semester, math",Emojis,grateful,,,,,,,游땕,,
gpt_4,conversation,"finals, semester, math",Emojis,joyful,,,,,,,游때,,
gpt_4,conversation,"finals, semester, math",Emojis,content,,,,,,,游땗,,
gpt_4,conversation,"finals, semester, math",Emojis,surprised,,,,,,,游땶,,
gpt_4,conversation,"finals, semester, math",Emojis,excited,,,,,,,游땎,,
gpt_4,conversation,"finals, semester, math",Emojis,impressed,,,,,,,游뗵,,
gpt_4,conversation,"finals, semester, math",Emojis,proud,,,,,,,游뱔,,
gpt_4,conversation,"finals, semester, math",Emojis,anxious,,,,,,,游땎,,
gpt_4,conversation,"finals, semester, math",Emojis,afraid,,,,,,,游땯,,
gpt_4,conversation,"finals, semester, math",Emojis,terrified,,,,,,,游땸,,
gpt_4,conversation,"finals, semester, math",Emojis,annoyed,,,,,,,游,,
gpt_4,conversation,"finals, semester, math",Emojis,angry,,,,,,,游땨,,
gpt_4,conversation,"finals, semester, math",Emojis,furious,,,,,,,游뱗,,
gpt_4,conversation,"finals, semester, math",Emojis,sad,,,,,,,游뗴,,
gpt_4,conversation,"finals, semester, math",Emojis,devastated,,,,,,,游땴,,
gpt_4,conversation,"finals, semester, math",Emojis,ashamed,,,,,,,游땹,,
gpt_4,conversation,"finals, semester, math",Emojis,embarrassed,,,,,,,游땬,,
gpt_4,conversation,"finals, semester, math",Emojis,guilty,,,,,,,游땳,,
